"@timestamp","_id","_index","_score","fields.clientIP","fields.clientIP.keyword","fields.method","fields.method.keyword","fields.responseTime","fields.route","fields.route.keyword","fields.server","fields.server.keyword","fields.statusCode","fields.timestamp","fields.userAgent","fields.userAgent.keyword",message,"message.keyword",severity,"severity.keyword"
"Mar 31, 2025 @ 18:12:27.067",njo57JUBGhOokez5hTnb,"app-logs-2025.03.31","-","::ffff:172.18.0.1","::ffff:172.18.0.1",GET,GET,1,"/","/",server1,server1,200,"Mar 31, 2025 @ 18:12:27.067","axios/1.8.4","axios/1.8.4","✅ Server1 API Call: GET /","✅ Server1 API Call: GET /",info,info
"Mar 31, 2025 @ 18:12:26.848",nzo57JUBGhOokez5hTnb,"app-logs-2025.03.31","-","::ffff:172.18.0.1","::ffff:172.18.0.1",GET,GET,0,"/","/",server1,server1,200,"Mar 31, 2025 @ 18:12:26.848","axios/1.8.4","axios/1.8.4","✅ Server1 API Call: GET /","✅ Server1 API Call: GET /",info,info
"Mar 31, 2025 @ 18:12:26.631",oDo57JUBGhOokez5hTnb,"app-logs-2025.03.31","-","::ffff:172.18.0.1","::ffff:172.18.0.1",GET,GET,1,"/","/",server1,server1,200,"Mar 31, 2025 @ 18:12:26.631","axios/1.8.4","axios/1.8.4","✅ Server1 API Call: GET /","✅ Server1 API Call: GET /",info,info
"Mar 31, 2025 @ 18:12:26.413",oTo57JUBGhOokez5hTnb,"app-logs-2025.03.31","-","::ffff:172.18.0.1","::ffff:172.18.0.1",GET,GET,1,"/","/",server1,server1,200,"Mar 31, 2025 @ 18:12:26.413","axios/1.8.4","axios/1.8.4","✅ Server1 API Call: GET /","✅ Server1 API Call: GET /",info,info
"Mar 31, 2025 @ 18:12:26.196",ojo57JUBGhOokez5hTnb,"app-logs-2025.03.31","-","::ffff:172.18.0.1","::ffff:172.18.0.1",GET,GET,0,"/invalid-route","/invalid-route",server1,server1,404,"Mar 31, 2025 @ 18:12:26.196","axios/1.8.4","axios/1.8.4","⚠️ Server1 API Error: GET /invalid-route","⚠️ Server1 API Error: GET /invalid-route",error,error
"Mar 31, 2025 @ 18:12:25.979",ozo57JUBGhOokez5hTnb,"app-logs-2025.03.31","-","::ffff:172.18.0.1","::ffff:172.18.0.1",GET,GET,1,"/invalid-route","/invalid-route",server1,server1,404,"Mar 31, 2025 @ 18:12:25.979","axios/1.8.4","axios/1.8.4","⚠️ Server1 API Error: GET /invalid-route","⚠️ Server1 API Error: GET /invalid-route",error,error
"Mar 31, 2025 @ 18:12:25.761",pDo57JUBGhOokez5hTnb,"app-logs-2025.03.31","-","::ffff:172.18.0.1","::ffff:172.18.0.1",GET,GET,1,"/","/",server1,server1,200,"Mar 31, 2025 @ 18:12:25.761","axios/1.8.4","axios/1.8.4","✅ Server1 API Call: GET /","✅ Server1 API Call: GET /",info,info
"Mar 31, 2025 @ 18:12:25.542",lTo57JUBGhOokez5fjkA,"app-logs-2025.03.31","-","::ffff:172.18.0.1","::ffff:172.18.0.1",GET,GET,1,"/","/",server1,server1,200,"Mar 31, 2025 @ 18:12:25.542","axios/1.8.4","axios/1.8.4","✅ Server1 API Call: GET /","✅ Server1 API Call: GET /",info,info
"Mar 31, 2025 @ 18:12:25.324",ljo57JUBGhOokez5fjkA,"app-logs-2025.03.31","-","::ffff:172.18.0.1","::ffff:172.18.0.1",GET,GET,0,"/","/",server1,server1,200,"Mar 31, 2025 @ 18:12:25.324","axios/1.8.4","axios/1.8.4","✅ Server1 API Call: GET /","✅ Server1 API Call: GET /",info,info
"Mar 31, 2025 @ 18:12:25.107",lzo57JUBGhOokez5fjkA,"app-logs-2025.03.31","-","::ffff:172.18.0.1","::ffff:172.18.0.1",GET,GET,1,"/","/",server1,server1,200,"Mar 31, 2025 @ 18:12:25.107","axios/1.8.4","axios/1.8.4","✅ Server1 API Call: GET /","✅ Server1 API Call: GET /",info,info
"Mar 31, 2025 @ 18:12:24.890",mDo57JUBGhOokez5fjkA,"app-logs-2025.03.31","-","::ffff:172.18.0.1","::ffff:172.18.0.1",GET,GET,0,"/","/",server1,server1,200,"Mar 31, 2025 @ 18:12:24.890","axios/1.8.4","axios/1.8.4","✅ Server1 API Call: GET /","✅ Server1 API Call: GET /",info,info
"Mar 31, 2025 @ 18:12:24.686",mTo57JUBGhOokez5fjkA,"app-logs-2025.03.31","-","::ffff:172.18.0.1","::ffff:172.18.0.1",GET,GET,1,"/invalid-route","/invalid-route",server1,server1,404,"Mar 31, 2025 @ 18:12:24.686","axios/1.8.4","axios/1.8.4","⚠️ Server1 API Error: GET /invalid-route","⚠️ Server1 API Error: GET /invalid-route",error,error
"Mar 31, 2025 @ 18:12:24.471",mjo57JUBGhOokez5fjkA,"app-logs-2025.03.31","-","::ffff:172.18.0.1","::ffff:172.18.0.1",GET,GET,1,"/fail","/fail",server1,server1,500,"Mar 31, 2025 @ 18:12:24.471","axios/1.8.4","axios/1.8.4","⚠️ Server1 API Error: GET /fail","⚠️ Server1 API Error: GET /fail",error,error
"Mar 31, 2025 @ 18:12:24.254",mzo57JUBGhOokez5fjkA,"app-logs-2025.03.31","-","::ffff:172.18.0.1","::ffff:172.18.0.1",GET,GET,1,"/","/",server1,server1,200,"Mar 31, 2025 @ 18:12:24.254","axios/1.8.4","axios/1.8.4","✅ Server1 API Call: GET /","✅ Server1 API Call: GET /",info,info
"Mar 31, 2025 @ 18:12:24.033",nDo57JUBGhOokez5fjkA,"app-logs-2025.03.31","-","::ffff:172.18.0.1","::ffff:172.18.0.1",GET,GET,1,"/invalid-route","/invalid-route",server1,server1,404,"Mar 31, 2025 @ 18:12:24.033","axios/1.8.4","axios/1.8.4","⚠️ Server1 API Error: GET /invalid-route","⚠️ Server1 API Error: GET /invalid-route",error,error
"Mar 31, 2025 @ 18:12:23.814",nTo57JUBGhOokez5fjkA,"app-logs-2025.03.31","-","::ffff:172.18.0.1","::ffff:172.18.0.1",GET,GET,0,"/","/",server1,server1,200,"Mar 31, 2025 @ 18:12:23.814","axios/1.8.4","axios/1.8.4","✅ Server1 API Call: GET /","✅ Server1 API Call: GET /",info,info
"Mar 31, 2025 @ 18:12:23.596",jDo57JUBGhOokez5djki,"app-logs-2025.03.31","-","::ffff:172.18.0.1","::ffff:172.18.0.1",GET,GET,0,"/","/",server1,server1,200,"Mar 31, 2025 @ 18:12:23.596","axios/1.8.4","axios/1.8.4","✅ Server1 API Call: GET /","✅ Server1 API Call: GET /",info,info
"Mar 31, 2025 @ 18:12:23.379",jTo57JUBGhOokez5djki,"app-logs-2025.03.31","-","::ffff:172.18.0.1","::ffff:172.18.0.1",GET,GET,0,"/","/",server1,server1,200,"Mar 31, 2025 @ 18:12:23.379","axios/1.8.4","axios/1.8.4","✅ Server1 API Call: GET /","✅ Server1 API Call: GET /",info,info
"Mar 31, 2025 @ 18:12:23.164",jjo57JUBGhOokez5djki,"app-logs-2025.03.31","-","::ffff:172.18.0.1","::ffff:172.18.0.1",GET,GET,1,"/","/",server1,server1,200,"Mar 31, 2025 @ 18:12:23.164","axios/1.8.4","axios/1.8.4","✅ Server1 API Call: GET /","✅ Server1 API Call: GET /",info,info
"Mar 31, 2025 @ 18:12:22.946",jzo57JUBGhOokez5djki,"app-logs-2025.03.31","-","::ffff:172.18.0.1","::ffff:172.18.0.1",GET,GET,1,"/","/",server1,server1,200,"Mar 31, 2025 @ 18:12:22.946","axios/1.8.4","axios/1.8.4","✅ Server1 API Call: GET /","✅ Server1 API Call: GET /",info,info
"Mar 31, 2025 @ 18:12:22.727",kDo57JUBGhOokez5djki,"app-logs-2025.03.31","-","::ffff:172.18.0.1","::ffff:172.18.0.1",GET,GET,1,"/","/",server1,server1,200,"Mar 31, 2025 @ 18:12:22.727","axios/1.8.4","axios/1.8.4","✅ Server1 API Call: GET /","✅ Server1 API Call: GET /",info,info
"Mar 31, 2025 @ 18:12:22.508",kTo57JUBGhOokez5djki,"app-logs-2025.03.31","-","::ffff:172.18.0.1","::ffff:172.18.0.1",GET,GET,0,"/","/",server1,server1,200,"Mar 31, 2025 @ 18:12:22.508","axios/1.8.4","axios/1.8.4","✅ Server1 API Call: GET /","✅ Server1 API Call: GET /",info,info
"Mar 31, 2025 @ 18:12:22.291",kjo57JUBGhOokez5djki,"app-logs-2025.03.31","-","::ffff:172.18.0.1","::ffff:172.18.0.1",GET,GET,1,"/","/",server1,server1,200,"Mar 31, 2025 @ 18:12:22.291","axios/1.8.4","axios/1.8.4","✅ Server1 API Call: GET /","✅ Server1 API Call: GET /",info,info
"Mar 31, 2025 @ 18:12:22.073",kzo57JUBGhOokez5djki,"app-logs-2025.03.31","-","::ffff:172.18.0.1","::ffff:172.18.0.1",GET,GET,0,"/invalid-route","/invalid-route",server1,server1,404,"Mar 31, 2025 @ 18:12:22.073","axios/1.8.4","axios/1.8.4","⚠️ Server1 API Error: GET /invalid-route","⚠️ Server1 API Error: GET /invalid-route",error,error
"Mar 31, 2025 @ 18:12:21.856",lDo57JUBGhOokez5djki,"app-logs-2025.03.31","-","::ffff:172.18.0.1","::ffff:172.18.0.1",GET,GET,1,"/","/",server1,server1,200,"Mar 31, 2025 @ 18:12:21.856","axios/1.8.4","axios/1.8.4","✅ Server1 API Call: GET /","✅ Server1 API Call: GET /",info,info
"Mar 31, 2025 @ 18:12:21.638",gjo57JUBGhOokez5bjlL,"app-logs-2025.03.31","-","::ffff:172.18.0.1","::ffff:172.18.0.1",GET,GET,0,"/invalid-route","/invalid-route",server1,server1,404,"Mar 31, 2025 @ 18:12:21.638","axios/1.8.4","axios/1.8.4","⚠️ Server1 API Error: GET /invalid-route","⚠️ Server1 API Error: GET /invalid-route",error,error
"Mar 31, 2025 @ 18:12:21.419",gzo57JUBGhOokez5bjlL,"app-logs-2025.03.31","-","::ffff:172.18.0.1","::ffff:172.18.0.1",GET,GET,0,"/","/",server1,server1,200,"Mar 31, 2025 @ 18:12:21.419","axios/1.8.4","axios/1.8.4","✅ Server1 API Call: GET /","✅ Server1 API Call: GET /",info,info
"Mar 31, 2025 @ 18:12:21.204",hDo57JUBGhOokez5bjlL,"app-logs-2025.03.31","-","::ffff:172.18.0.1","::ffff:172.18.0.1",GET,GET,1,"/","/",server1,server1,200,"Mar 31, 2025 @ 18:12:21.204","axios/1.8.4","axios/1.8.4","✅ Server1 API Call: GET /","✅ Server1 API Call: GET /",info,info
"Mar 31, 2025 @ 18:12:20.987",hTo57JUBGhOokez5bjlL,"app-logs-2025.03.31","-","::ffff:172.18.0.1","::ffff:172.18.0.1",GET,GET,0,"/invalid-route","/invalid-route",server1,server1,404,"Mar 31, 2025 @ 18:12:20.987","axios/1.8.4","axios/1.8.4","⚠️ Server1 API Error: GET /invalid-route","⚠️ Server1 API Error: GET /invalid-route",error,error
"Mar 31, 2025 @ 18:12:20.769",hjo57JUBGhOokez5bjlL,"app-logs-2025.03.31","-","::ffff:172.18.0.1","::ffff:172.18.0.1",GET,GET,1,"/invalid-route","/invalid-route",server1,server1,404,"Mar 31, 2025 @ 18:12:20.769","axios/1.8.4","axios/1.8.4","⚠️ Server1 API Error: GET /invalid-route","⚠️ Server1 API Error: GET /invalid-route",error,error
"Mar 31, 2025 @ 18:12:20.551",hzo57JUBGhOokez5bjlL,"app-logs-2025.03.31","-","::ffff:172.18.0.1","::ffff:172.18.0.1",GET,GET,1,"/","/",server1,server1,200,"Mar 31, 2025 @ 18:12:20.551","axios/1.8.4","axios/1.8.4","✅ Server1 API Call: GET /","✅ Server1 API Call: GET /",info,info
"Mar 31, 2025 @ 18:12:20.334",iDo57JUBGhOokez5bjlL,"app-logs-2025.03.31","-","::ffff:172.18.0.1","::ffff:172.18.0.1",GET,GET,1,"/invalid-route","/invalid-route",server1,server1,404,"Mar 31, 2025 @ 18:12:20.334","axios/1.8.4","axios/1.8.4","⚠️ Server1 API Error: GET /invalid-route","⚠️ Server1 API Error: GET /invalid-route",error,error
"Mar 31, 2025 @ 18:12:20.119",iTo57JUBGhOokez5bjlL,"app-logs-2025.03.31","-","::ffff:172.18.0.1","::ffff:172.18.0.1",GET,GET,1,"/","/",server1,server1,200,"Mar 31, 2025 @ 18:12:20.119","axios/1.8.4","axios/1.8.4","✅ Server1 API Call: GET /","✅ Server1 API Call: GET /",info,info
"Mar 31, 2025 @ 18:12:19.899",ijo57JUBGhOokez5bjlL,"app-logs-2025.03.31","-","::ffff:172.18.0.1","::ffff:172.18.0.1",GET,GET,1,"/","/",server1,server1,200,"Mar 31, 2025 @ 18:12:19.899","axios/1.8.4","axios/1.8.4","✅ Server1 API Call: GET /","✅ Server1 API Call: GET /",info,info
"Mar 31, 2025 @ 18:12:19.684",izo57JUBGhOokez5bjlL,"app-logs-2025.03.31","-","::ffff:172.18.0.1","::ffff:172.18.0.1",GET,GET,1,"/","/",server1,server1,200,"Mar 31, 2025 @ 18:12:19.684","axios/1.8.4","axios/1.8.4","✅ Server1 API Call: GET /","✅ Server1 API Call: GET /",info,info
"Mar 31, 2025 @ 18:12:19.464",eTo57JUBGhOokez5Zjlx,"app-logs-2025.03.31","-","::ffff:172.18.0.1","::ffff:172.18.0.1",GET,GET,1,"/","/",server1,server1,200,"Mar 31, 2025 @ 18:12:19.464","axios/1.8.4","axios/1.8.4","✅ Server1 API Call: GET /","✅ Server1 API Call: GET /",info,info
"Mar 31, 2025 @ 18:12:19.244",ejo57JUBGhOokez5Zjlx,"app-logs-2025.03.31","-","::ffff:172.18.0.1","::ffff:172.18.0.1",GET,GET,0,"/invalid-route","/invalid-route",server1,server1,404,"Mar 31, 2025 @ 18:12:19.244","axios/1.8.4","axios/1.8.4","⚠️ Server1 API Error: GET /invalid-route","⚠️ Server1 API Error: GET /invalid-route",error,error
"Mar 31, 2025 @ 18:12:19.029",ezo57JUBGhOokez5Zjlx,"app-logs-2025.03.31","-","::ffff:172.18.0.1","::ffff:172.18.0.1",GET,GET,1,"/","/",server1,server1,200,"Mar 31, 2025 @ 18:12:19.029","axios/1.8.4","axios/1.8.4","✅ Server1 API Call: GET /","✅ Server1 API Call: GET /",info,info
"Mar 31, 2025 @ 18:12:18.813",fDo57JUBGhOokez5Zjlx,"app-logs-2025.03.31","-","::ffff:172.18.0.1","::ffff:172.18.0.1",GET,GET,1,"/","/",server1,server1,200,"Mar 31, 2025 @ 18:12:18.813","axios/1.8.4","axios/1.8.4","✅ Server1 API Call: GET /","✅ Server1 API Call: GET /",info,info
"Mar 31, 2025 @ 18:12:18.593",fTo57JUBGhOokez5Zjlx,"app-logs-2025.03.31","-","::ffff:172.18.0.1","::ffff:172.18.0.1",GET,GET,1,"/","/",server1,server1,200,"Mar 31, 2025 @ 18:12:18.593","axios/1.8.4","axios/1.8.4","✅ Server1 API Call: GET /","✅ Server1 API Call: GET /",info,info
"Mar 31, 2025 @ 18:12:18.375",fjo57JUBGhOokez5Zjlx,"app-logs-2025.03.31","-","::ffff:172.18.0.1","::ffff:172.18.0.1",GET,GET,1,"/","/",server1,server1,200,"Mar 31, 2025 @ 18:12:18.375","axios/1.8.4","axios/1.8.4","✅ Server1 API Call: GET /","✅ Server1 API Call: GET /",info,info
"Mar 31, 2025 @ 18:12:18.160",fzo57JUBGhOokez5Zjlx,"app-logs-2025.03.31","-","::ffff:172.18.0.1","::ffff:172.18.0.1",GET,GET,1,"/fail","/fail",server1,server1,500,"Mar 31, 2025 @ 18:12:18.160","axios/1.8.4","axios/1.8.4","⚠️ Server1 API Error: GET /fail","⚠️ Server1 API Error: GET /fail",error,error
"Mar 31, 2025 @ 18:12:17.940",gDo57JUBGhOokez5Zjlx,"app-logs-2025.03.31","-","::ffff:172.18.0.1","::ffff:172.18.0.1",GET,GET,1,"/invalid-route","/invalid-route",server1,server1,404,"Mar 31, 2025 @ 18:12:17.940","axios/1.8.4","axios/1.8.4","⚠️ Server1 API Error: GET /invalid-route","⚠️ Server1 API Error: GET /invalid-route",error,error
"Mar 31, 2025 @ 18:12:17.723",gTo57JUBGhOokez5Zjlx,"app-logs-2025.03.31","-","::ffff:172.18.0.1","::ffff:172.18.0.1",GET,GET,1,"/invalid-route","/invalid-route",server1,server1,404,"Mar 31, 2025 @ 18:12:17.723","axios/1.8.4","axios/1.8.4","⚠️ Server1 API Error: GET /invalid-route","⚠️ Server1 API Error: GET /invalid-route",error,error
"Mar 31, 2025 @ 18:12:17.507",cDo57JUBGhOokez5XjmU,"app-logs-2025.03.31","-","::ffff:172.18.0.1","::ffff:172.18.0.1",GET,GET,1,"/fail","/fail",server1,server1,500,"Mar 31, 2025 @ 18:12:17.507","axios/1.8.4","axios/1.8.4","⚠️ Server1 API Error: GET /fail","⚠️ Server1 API Error: GET /fail",error,error
"Mar 31, 2025 @ 18:12:17.289",cTo57JUBGhOokez5XjmU,"app-logs-2025.03.31","-","::ffff:172.18.0.1","::ffff:172.18.0.1",GET,GET,1,"/","/",server1,server1,200,"Mar 31, 2025 @ 18:12:17.289","axios/1.8.4","axios/1.8.4","✅ Server1 API Call: GET /","✅ Server1 API Call: GET /",info,info
"Mar 31, 2025 @ 18:12:17.070",cjo57JUBGhOokez5XjmU,"app-logs-2025.03.31","-","::ffff:172.18.0.1","::ffff:172.18.0.1",GET,GET,1,"/","/",server1,server1,200,"Mar 31, 2025 @ 18:12:17.070","axios/1.8.4","axios/1.8.4","✅ Server1 API Call: GET /","✅ Server1 API Call: GET /",info,info
"Mar 31, 2025 @ 18:12:16.850",czo57JUBGhOokez5XjmU,"app-logs-2025.03.31","-","::ffff:172.18.0.1","::ffff:172.18.0.1",GET,GET,1,"/","/",server1,server1,200,"Mar 31, 2025 @ 18:12:16.850","axios/1.8.4","axios/1.8.4","✅ Server1 API Call: GET /","✅ Server1 API Call: GET /",info,info
"Mar 31, 2025 @ 18:12:16.634",dDo57JUBGhOokez5XjmU,"app-logs-2025.03.31","-","::ffff:172.18.0.1","::ffff:172.18.0.1",GET,GET,1,"/","/",server1,server1,200,"Mar 31, 2025 @ 18:12:16.634","axios/1.8.4","axios/1.8.4","✅ Server1 API Call: GET /","✅ Server1 API Call: GET /",info,info
"Mar 31, 2025 @ 18:12:16.415",dTo57JUBGhOokez5XjmU,"app-logs-2025.03.31","-","::ffff:172.18.0.1","::ffff:172.18.0.1",GET,GET,1,"/","/",server1,server1,200,"Mar 31, 2025 @ 18:12:16.415","axios/1.8.4","axios/1.8.4","✅ Server1 API Call: GET /","✅ Server1 API Call: GET /",info,info
"Mar 31, 2025 @ 18:12:16.197",djo57JUBGhOokez5XjmU,"app-logs-2025.03.31","-","::ffff:172.18.0.1","::ffff:172.18.0.1",GET,GET,1,"/invalid-route","/invalid-route",server1,server1,404,"Mar 31, 2025 @ 18:12:16.197","axios/1.8.4","axios/1.8.4","⚠️ Server1 API Error: GET /invalid-route","⚠️ Server1 API Error: GET /invalid-route",error,error
"Mar 31, 2025 @ 18:12:15.983",dzo57JUBGhOokez5XjmU,"app-logs-2025.03.31","-","::ffff:172.18.0.1","::ffff:172.18.0.1",GET,GET,6,"/","/",server1,server1,200,"Mar 31, 2025 @ 18:12:15.983","axios/1.8.4","axios/1.8.4","✅ Server1 API Call: GET /","✅ Server1 API Call: GET /",info,info
"Mar 31, 2025 @ 18:12:15.761",eDo57JUBGhOokez5XjmU,"app-logs-2025.03.31","-","::ffff:172.18.0.1","::ffff:172.18.0.1",GET,GET,1,"/","/",server1,server1,200,"Mar 31, 2025 @ 18:12:15.761","axios/1.8.4","axios/1.8.4","✅ Server1 API Call: GET /","✅ Server1 API Call: GET /",info,info
"Mar 31, 2025 @ 18:12:15.543",Zzo57JUBGhOokez5Vjm0,"app-logs-2025.03.31","-","::ffff:172.18.0.1","::ffff:172.18.0.1",GET,GET,1,"/","/",server1,server1,200,"Mar 31, 2025 @ 18:12:15.543","axios/1.8.4","axios/1.8.4","✅ Server1 API Call: GET /","✅ Server1 API Call: GET /",info,info
"Mar 31, 2025 @ 18:12:15.327",aDo57JUBGhOokez5Vjm0,"app-logs-2025.03.31","-","::ffff:172.18.0.1","::ffff:172.18.0.1",GET,GET,1,"/","/",server1,server1,200,"Mar 31, 2025 @ 18:12:15.327","axios/1.8.4","axios/1.8.4","✅ Server1 API Call: GET /","✅ Server1 API Call: GET /",info,info
"Mar 31, 2025 @ 18:12:15.107",aTo57JUBGhOokez5Vjm0,"app-logs-2025.03.31","-","::ffff:172.18.0.1","::ffff:172.18.0.1",GET,GET,1,"/","/",server1,server1,200,"Mar 31, 2025 @ 18:12:15.107","axios/1.8.4","axios/1.8.4","✅ Server1 API Call: GET /","✅ Server1 API Call: GET /",info,info
"Mar 31, 2025 @ 18:12:14.888",ajo57JUBGhOokez5Vjm0,"app-logs-2025.03.31","-","::ffff:172.18.0.1","::ffff:172.18.0.1",GET,GET,1,"/invalid-route","/invalid-route",server1,server1,404,"Mar 31, 2025 @ 18:12:14.888","axios/1.8.4","axios/1.8.4","⚠️ Server1 API Error: GET /invalid-route","⚠️ Server1 API Error: GET /invalid-route",error,error
"Mar 31, 2025 @ 18:12:14.672",azo57JUBGhOokez5Vjm0,"app-logs-2025.03.31","-","::ffff:172.18.0.1","::ffff:172.18.0.1",GET,GET,1,"/fail","/fail",server1,server1,500,"Mar 31, 2025 @ 18:12:14.672","axios/1.8.4","axios/1.8.4","⚠️ Server1 API Error: GET /fail","⚠️ Server1 API Error: GET /fail",error,error
"Mar 31, 2025 @ 18:12:14.453",bDo57JUBGhOokez5Vjm0,"app-logs-2025.03.31","-","::ffff:172.18.0.1","::ffff:172.18.0.1",GET,GET,1,"/","/",server1,server1,200,"Mar 31, 2025 @ 18:12:14.453","axios/1.8.4","axios/1.8.4","✅ Server1 API Call: GET /","✅ Server1 API Call: GET /",info,info
"Mar 31, 2025 @ 18:12:14.227",bTo57JUBGhOokez5Vjm0,"app-logs-2025.03.31","-","::ffff:172.18.0.1","::ffff:172.18.0.1",GET,GET,9,"/","/",server1,server1,200,"Mar 31, 2025 @ 18:12:14.227","axios/1.8.4","axios/1.8.4","✅ Server1 API Call: GET /","✅ Server1 API Call: GET /",info,info
"Mar 31, 2025 @ 18:12:13.999",bjo57JUBGhOokez5Vjm0,"app-logs-2025.03.31","-","::ffff:172.18.0.1","::ffff:172.18.0.1",GET,GET,1,"/invalid-route","/invalid-route",server1,server1,404,"Mar 31, 2025 @ 18:12:13.999","axios/1.8.4","axios/1.8.4","⚠️ Server1 API Error: GET /invalid-route","⚠️ Server1 API Error: GET /invalid-route",error,error
"Mar 31, 2025 @ 18:12:13.782",bzo57JUBGhOokez5Vjm0,"app-logs-2025.03.31","-","::ffff:172.18.0.1","::ffff:172.18.0.1",GET,GET,2,"/","/",server1,server1,200,"Mar 31, 2025 @ 18:12:13.782","axios/1.8.4","axios/1.8.4","✅ Server1 API Call: GET /","✅ Server1 API Call: GET /",info,info
"Mar 31, 2025 @ 18:12:13.562",XTo57JUBGhOokez5TjnQ,"app-logs-2025.03.31","-","::ffff:172.18.0.1","::ffff:172.18.0.1",GET,GET,0,"/","/",server1,server1,200,"Mar 31, 2025 @ 18:12:13.562","axios/1.8.4","axios/1.8.4","✅ Server1 API Call: GET /","✅ Server1 API Call: GET /",info,info
"Mar 31, 2025 @ 18:12:13.345",Xjo57JUBGhOokez5TjnQ,"app-logs-2025.03.31","-","::ffff:172.18.0.1","::ffff:172.18.0.1",GET,GET,1,"/","/",server1,server1,200,"Mar 31, 2025 @ 18:12:13.345","axios/1.8.4","axios/1.8.4","✅ Server1 API Call: GET /","✅ Server1 API Call: GET /",info,info
"Mar 31, 2025 @ 18:12:13.126",Xzo57JUBGhOokez5TjnQ,"app-logs-2025.03.31","-","::ffff:172.18.0.1","::ffff:172.18.0.1",GET,GET,1,"/fail","/fail",server1,server1,500,"Mar 31, 2025 @ 18:12:13.126","axios/1.8.4","axios/1.8.4","⚠️ Server1 API Error: GET /fail","⚠️ Server1 API Error: GET /fail",error,error
"Mar 31, 2025 @ 18:12:12.912",YDo57JUBGhOokez5TjnQ,"app-logs-2025.03.31","-","::ffff:172.18.0.1","::ffff:172.18.0.1",GET,GET,3,"/invalid-route","/invalid-route",server1,server1,404,"Mar 31, 2025 @ 18:12:12.912","axios/1.8.4","axios/1.8.4","⚠️ Server1 API Error: GET /invalid-route","⚠️ Server1 API Error: GET /invalid-route",error,error
"Mar 31, 2025 @ 18:12:12.690",YTo57JUBGhOokez5TjnQ,"app-logs-2025.03.31","-","::ffff:172.18.0.1","::ffff:172.18.0.1",GET,GET,1,"/invalid-route","/invalid-route",server1,server1,404,"Mar 31, 2025 @ 18:12:12.690","axios/1.8.4","axios/1.8.4","⚠️ Server1 API Error: GET /invalid-route","⚠️ Server1 API Error: GET /invalid-route",error,error
"Mar 31, 2025 @ 18:12:12.474",Yjo57JUBGhOokez5TjnQ,"app-logs-2025.03.31","-","::ffff:172.18.0.1","::ffff:172.18.0.1",GET,GET,1,"/fail","/fail",server1,server1,500,"Mar 31, 2025 @ 18:12:12.474","axios/1.8.4","axios/1.8.4","⚠️ Server1 API Error: GET /fail","⚠️ Server1 API Error: GET /fail",error,error
"Mar 31, 2025 @ 18:12:12.260",Yzo57JUBGhOokez5TjnQ,"app-logs-2025.03.31","-","::ffff:172.18.0.1","::ffff:172.18.0.1",GET,GET,4,"/invalid-route","/invalid-route",server1,server1,404,"Mar 31, 2025 @ 18:12:12.260","axios/1.8.4","axios/1.8.4","⚠️ Server1 API Error: GET /invalid-route","⚠️ Server1 API Error: GET /invalid-route",error,error
"Mar 31, 2025 @ 18:12:12.048",ZDo57JUBGhOokez5TjnQ,"app-logs-2025.03.31","-","::ffff:172.18.0.1","::ffff:172.18.0.1",GET,GET,10,"/invalid-route","/invalid-route",server1,server1,404,"Mar 31, 2025 @ 18:12:12.048","axios/1.8.4","axios/1.8.4","⚠️ Server1 API Error: GET /invalid-route","⚠️ Server1 API Error: GET /invalid-route",error,error
"Mar 31, 2025 @ 18:12:11.820",ZTo57JUBGhOokez5TjnQ,"app-logs-2025.03.31","-","::ffff:172.18.0.1","::ffff:172.18.0.1",GET,GET,0,"/","/",server1,server1,200,"Mar 31, 2025 @ 18:12:11.820","axios/1.8.4","axios/1.8.4","✅ Server1 API Call: GET /","✅ Server1 API Call: GET /",info,info
"Mar 31, 2025 @ 18:12:11.601",Zjo57JUBGhOokez5TjnQ,"app-logs-2025.03.31","-","::ffff:172.18.0.1","::ffff:172.18.0.1",GET,GET,1,"/","/",server1,server1,200,"Mar 31, 2025 @ 18:12:11.601","axios/1.8.4","axios/1.8.4","✅ Server1 API Call: GET /","✅ Server1 API Call: GET /",info,info
"Mar 31, 2025 @ 18:12:11.384",VDo57JUBGhOokez5Rjnx,"app-logs-2025.03.31","-","::ffff:172.18.0.1","::ffff:172.18.0.1",GET,GET,1,"/","/",server1,server1,200,"Mar 31, 2025 @ 18:12:11.384","axios/1.8.4","axios/1.8.4","✅ Server1 API Call: GET /","✅ Server1 API Call: GET /",info,info
"Mar 31, 2025 @ 18:12:11.168",VTo57JUBGhOokez5Rjnx,"app-logs-2025.03.31","-","::ffff:172.18.0.1","::ffff:172.18.0.1",GET,GET,3,"/invalid-route","/invalid-route",server1,server1,404,"Mar 31, 2025 @ 18:12:11.168","axios/1.8.4","axios/1.8.4","⚠️ Server1 API Error: GET /invalid-route","⚠️ Server1 API Error: GET /invalid-route",error,error
"Mar 31, 2025 @ 18:12:10.949",Vjo57JUBGhOokez5Rjnx,"app-logs-2025.03.31","-","::ffff:172.18.0.1","::ffff:172.18.0.1",GET,GET,1,"/","/",server1,server1,200,"Mar 31, 2025 @ 18:12:10.949","axios/1.8.4","axios/1.8.4","✅ Server1 API Call: GET /","✅ Server1 API Call: GET /",info,info
"Mar 31, 2025 @ 18:12:10.729",Vzo57JUBGhOokez5Rjnx,"app-logs-2025.03.31","-","::ffff:172.18.0.1","::ffff:172.18.0.1",GET,GET,1,"/","/",server1,server1,200,"Mar 31, 2025 @ 18:12:10.729","axios/1.8.4","axios/1.8.4","✅ Server1 API Call: GET /","✅ Server1 API Call: GET /",info,info
"Mar 31, 2025 @ 18:12:10.511",WDo57JUBGhOokez5Rjnx,"app-logs-2025.03.31","-","::ffff:172.18.0.1","::ffff:172.18.0.1",GET,GET,0,"/","/",server1,server1,200,"Mar 31, 2025 @ 18:12:10.511","axios/1.8.4","axios/1.8.4","✅ Server1 API Call: GET /","✅ Server1 API Call: GET /",info,info
"Mar 31, 2025 @ 18:12:10.293",WTo57JUBGhOokez5Rjnx,"app-logs-2025.03.31","-","::ffff:172.18.0.1","::ffff:172.18.0.1",GET,GET,1,"/","/",server1,server1,200,"Mar 31, 2025 @ 18:12:10.293","axios/1.8.4","axios/1.8.4","✅ Server1 API Call: GET /","✅ Server1 API Call: GET /",info,info
"Mar 31, 2025 @ 18:12:10.075",Wjo57JUBGhOokez5Rjnx,"app-logs-2025.03.31","-","::ffff:172.18.0.1","::ffff:172.18.0.1",GET,GET,1,"/","/",server1,server1,200,"Mar 31, 2025 @ 18:12:10.075","axios/1.8.4","axios/1.8.4","✅ Server1 API Call: GET /","✅ Server1 API Call: GET /",info,info
"Mar 31, 2025 @ 18:12:09.857",Wzo57JUBGhOokez5Rjnx,"app-logs-2025.03.31","-","::ffff:172.18.0.1","::ffff:172.18.0.1",GET,GET,1,"/","/",server1,server1,200,"Mar 31, 2025 @ 18:12:09.857","axios/1.8.4","axios/1.8.4","✅ Server1 API Call: GET /","✅ Server1 API Call: GET /",info,info
"Mar 31, 2025 @ 18:12:09.638",XDo57JUBGhOokez5Rjnx,"app-logs-2025.03.31","-","::ffff:172.18.0.1","::ffff:172.18.0.1",GET,GET,1,"/","/",server1,server1,200,"Mar 31, 2025 @ 18:12:09.638","axios/1.8.4","axios/1.8.4","✅ Server1 API Call: GET /","✅ Server1 API Call: GET /",info,info
"Mar 31, 2025 @ 18:12:09.419",Szo57JUBGhOokez5PzkS,"app-logs-2025.03.31","-","::ffff:172.18.0.1","::ffff:172.18.0.1",GET,GET,1,"/","/",server1,server1,200,"Mar 31, 2025 @ 18:12:09.419","axios/1.8.4","axios/1.8.4","✅ Server1 API Call: GET /","✅ Server1 API Call: GET /",info,info
"Mar 31, 2025 @ 18:12:09.200",TDo57JUBGhOokez5PzkS,"app-logs-2025.03.31","-","::ffff:172.18.0.1","::ffff:172.18.0.1",GET,GET,1,"/","/",server1,server1,200,"Mar 31, 2025 @ 18:12:09.200","axios/1.8.4","axios/1.8.4","✅ Server1 API Call: GET /","✅ Server1 API Call: GET /",info,info
"Mar 31, 2025 @ 18:12:08.987",TTo57JUBGhOokez5PzkS,"app-logs-2025.03.31","-","::ffff:172.18.0.1","::ffff:172.18.0.1",GET,GET,1,"/invalid-route","/invalid-route",server1,server1,404,"Mar 31, 2025 @ 18:12:08.987","axios/1.8.4","axios/1.8.4","⚠️ Server1 API Error: GET /invalid-route","⚠️ Server1 API Error: GET /invalid-route",error,error
"Mar 31, 2025 @ 18:12:08.765",Tjo57JUBGhOokez5PzkS,"app-logs-2025.03.31","-","::ffff:172.18.0.1","::ffff:172.18.0.1",GET,GET,1,"/","/",server1,server1,200,"Mar 31, 2025 @ 18:12:08.765","axios/1.8.4","axios/1.8.4","✅ Server1 API Call: GET /","✅ Server1 API Call: GET /",info,info
"Mar 31, 2025 @ 18:12:08.547",Tzo57JUBGhOokez5PzkS,"app-logs-2025.03.31","-","::ffff:172.18.0.1","::ffff:172.18.0.1",GET,GET,1,"/","/",server1,server1,200,"Mar 31, 2025 @ 18:12:08.547","axios/1.8.4","axios/1.8.4","✅ Server1 API Call: GET /","✅ Server1 API Call: GET /",info,info
"Mar 31, 2025 @ 18:12:08.335",UDo57JUBGhOokez5PzkS,"app-logs-2025.03.31","-","::ffff:172.18.0.1","::ffff:172.18.0.1",GET,GET,4,"/","/",server1,server1,200,"Mar 31, 2025 @ 18:12:08.335","axios/1.8.4","axios/1.8.4","✅ Server1 API Call: GET /","✅ Server1 API Call: GET /",info,info
"Mar 31, 2025 @ 18:12:08.115",UTo57JUBGhOokez5PzkS,"app-logs-2025.03.31","-","::ffff:172.18.0.1","::ffff:172.18.0.1",GET,GET,1,"/","/",server1,server1,200,"Mar 31, 2025 @ 18:12:08.115","axios/1.8.4","axios/1.8.4","✅ Server1 API Call: GET /","✅ Server1 API Call: GET /",info,info
"Mar 31, 2025 @ 18:12:07.899",Ujo57JUBGhOokez5PzkS,"app-logs-2025.03.31","-","::ffff:172.18.0.1","::ffff:172.18.0.1",GET,GET,1,"/","/",server1,server1,200,"Mar 31, 2025 @ 18:12:07.899","axios/1.8.4","axios/1.8.4","✅ Server1 API Call: GET /","✅ Server1 API Call: GET /",info,info
"Mar 31, 2025 @ 18:12:07.682",Uzo57JUBGhOokez5PzkS,"app-logs-2025.03.31","-","::ffff:172.18.0.1","::ffff:172.18.0.1",GET,GET,1,"/","/",server1,server1,200,"Mar 31, 2025 @ 18:12:07.682","axios/1.8.4","axios/1.8.4","✅ Server1 API Call: GET /","✅ Server1 API Call: GET /",info,info
"Mar 31, 2025 @ 18:12:07.469",Qjo57JUBGhOokez5Nzky,"app-logs-2025.03.31","-","::ffff:172.18.0.1","::ffff:172.18.0.1",GET,GET,1,"/","/",server1,server1,200,"Mar 31, 2025 @ 18:12:07.469","axios/1.8.4","axios/1.8.4","✅ Server1 API Call: GET /","✅ Server1 API Call: GET /",info,info
"Mar 31, 2025 @ 18:12:07.252",Qzo57JUBGhOokez5Nzky,"app-logs-2025.03.31","-","::ffff:172.18.0.1","::ffff:172.18.0.1",GET,GET,1,"/invalid-route","/invalid-route",server1,server1,404,"Mar 31, 2025 @ 18:12:07.252","axios/1.8.4","axios/1.8.4","⚠️ Server1 API Error: GET /invalid-route","⚠️ Server1 API Error: GET /invalid-route",error,error
"Mar 31, 2025 @ 18:12:07.034",RDo57JUBGhOokez5Nzky,"app-logs-2025.03.31","-","::ffff:172.18.0.1","::ffff:172.18.0.1",GET,GET,1,"/","/",server1,server1,200,"Mar 31, 2025 @ 18:12:07.034","axios/1.8.4","axios/1.8.4","✅ Server1 API Call: GET /","✅ Server1 API Call: GET /",info,info
"Mar 31, 2025 @ 18:12:06.819",RTo57JUBGhOokez5Nzky,"app-logs-2025.03.31","-","::ffff:172.18.0.1","::ffff:172.18.0.1",GET,GET,1,"/","/",server1,server1,200,"Mar 31, 2025 @ 18:12:06.819","axios/1.8.4","axios/1.8.4","✅ Server1 API Call: GET /","✅ Server1 API Call: GET /",info,info
"Mar 31, 2025 @ 18:12:06.607",Rjo57JUBGhOokez5Nzky,"app-logs-2025.03.31","-","::ffff:172.18.0.1","::ffff:172.18.0.1",GET,GET,3,"/","/",server1,server1,200,"Mar 31, 2025 @ 18:12:06.607","axios/1.8.4","axios/1.8.4","✅ Server1 API Call: GET /","✅ Server1 API Call: GET /",info,info
"Mar 31, 2025 @ 18:12:06.391",Rzo57JUBGhOokez5Nzky,"app-logs-2025.03.31","-","::ffff:172.18.0.1","::ffff:172.18.0.1",GET,GET,1,"/invalid-route","/invalid-route",server1,server1,404,"Mar 31, 2025 @ 18:12:06.391","axios/1.8.4","axios/1.8.4","⚠️ Server1 API Error: GET /invalid-route","⚠️ Server1 API Error: GET /invalid-route",error,error
"Mar 31, 2025 @ 18:12:06.174",SDo57JUBGhOokez5Nzky,"app-logs-2025.03.31","-","::ffff:172.18.0.1","::ffff:172.18.0.1",GET,GET,1,"/","/",server1,server1,200,"Mar 31, 2025 @ 18:12:06.174","axios/1.8.4","axios/1.8.4","✅ Server1 API Call: GET /","✅ Server1 API Call: GET /",info,info
"Mar 31, 2025 @ 18:12:05.960",STo57JUBGhOokez5Nzky,"app-logs-2025.03.31","-","::ffff:172.18.0.1","::ffff:172.18.0.1",GET,GET,1,"/","/",server1,server1,200,"Mar 31, 2025 @ 18:12:05.960","axios/1.8.4","axios/1.8.4","✅ Server1 API Call: GET /","✅ Server1 API Call: GET /",info,info
"Mar 31, 2025 @ 18:12:05.746",Sjo57JUBGhOokez5Nzky,"app-logs-2025.03.31","-","::ffff:172.18.0.1","::ffff:172.18.0.1",GET,GET,2,"/","/",server1,server1,200,"Mar 31, 2025 @ 18:12:05.746","axios/1.8.4","axios/1.8.4","✅ Server1 API Call: GET /","✅ Server1 API Call: GET /",info,info
"Mar 31, 2025 @ 18:12:05.507",QTo57JUBGhOokez5LzlL,"app-logs-2025.03.31","-","::ffff:172.18.0.1","::ffff:172.18.0.1",GET,GET,2,"/","/",server1,server1,200,"Mar 31, 2025 @ 18:12:05.507","axios/1.8.4","axios/1.8.4","✅ Server1 API Call: GET /","✅ Server1 API Call: GET /",info,info
"Mar 31, 2025 @ 18:09:41.206",PTo37JUBGhOokez5ADmz,"app-logs-2025.03.31","-","::ffff:172.18.0.1","::ffff:172.18.0.1",GET,GET,0,"/","/",server1,server1,200,"Mar 31, 2025 @ 18:09:41.206","axios/1.8.4","axios/1.8.4","✅ Server1 API Call: GET /","✅ Server1 API Call: GET /",info,info
"Mar 31, 2025 @ 18:09:40.988",Pjo37JUBGhOokez5ADmz,"app-logs-2025.03.31","-","::ffff:172.18.0.1","::ffff:172.18.0.1",GET,GET,0,"/","/",server1,server1,200,"Mar 31, 2025 @ 18:09:40.988","axios/1.8.4","axios/1.8.4","✅ Server1 API Call: GET /","✅ Server1 API Call: GET /",info,info
"Mar 31, 2025 @ 18:09:40.776",Pzo37JUBGhOokez5ADmz,"app-logs-2025.03.31","-","::ffff:172.18.0.1","::ffff:172.18.0.1",GET,GET,1,"/","/",server1,server1,200,"Mar 31, 2025 @ 18:09:40.776","axios/1.8.4","axios/1.8.4","✅ Server1 API Call: GET /","✅ Server1 API Call: GET /",info,info
"Mar 31, 2025 @ 18:09:40.553",QDo37JUBGhOokez5ADmz,"app-logs-2025.03.31","-","::ffff:172.18.0.1","::ffff:172.18.0.1",GET,GET,1,"/invalid-route","/invalid-route",server1,server1,404,"Mar 31, 2025 @ 18:09:40.553","axios/1.8.4","axios/1.8.4","⚠️ Server1 API Error: GET /invalid-route","⚠️ Server1 API Error: GET /invalid-route",error,error
"Mar 31, 2025 @ 18:09:40.336","NDo27JUBGhOokez5-DnS","app-logs-2025.03.31","-","::ffff:172.18.0.1","::ffff:172.18.0.1",GET,GET,0,"/","/",server1,server1,200,"Mar 31, 2025 @ 18:09:40.336","axios/1.8.4","axios/1.8.4","✅ Server1 API Call: GET /","✅ Server1 API Call: GET /",info,info
"Mar 31, 2025 @ 18:09:40.116","NTo27JUBGhOokez5-DnS","app-logs-2025.03.31","-","::ffff:172.18.0.1","::ffff:172.18.0.1",GET,GET,0,"/","/",server1,server1,200,"Mar 31, 2025 @ 18:09:40.116","axios/1.8.4","axios/1.8.4","✅ Server1 API Call: GET /","✅ Server1 API Call: GET /",info,info
"Mar 31, 2025 @ 18:09:39.899","Njo27JUBGhOokez5-DnS","app-logs-2025.03.31","-","::ffff:172.18.0.1","::ffff:172.18.0.1",GET,GET,0,"/","/",server1,server1,200,"Mar 31, 2025 @ 18:09:39.899","axios/1.8.4","axios/1.8.4","✅ Server1 API Call: GET /","✅ Server1 API Call: GET /",info,info
"Mar 31, 2025 @ 18:09:39.681","Nzo27JUBGhOokez5-DnS","app-logs-2025.03.31","-","::ffff:172.18.0.1","::ffff:172.18.0.1",GET,GET,1,"/","/",server1,server1,200,"Mar 31, 2025 @ 18:09:39.681","axios/1.8.4","axios/1.8.4","✅ Server1 API Call: GET /","✅ Server1 API Call: GET /",info,info
"Mar 31, 2025 @ 18:09:39.463","ODo27JUBGhOokez5-DnS","app-logs-2025.03.31","-","::ffff:172.18.0.1","::ffff:172.18.0.1",GET,GET,1,"/invalid-route","/invalid-route",server1,server1,404,"Mar 31, 2025 @ 18:09:39.463","axios/1.8.4","axios/1.8.4","⚠️ Server1 API Error: GET /invalid-route","⚠️ Server1 API Error: GET /invalid-route",error,error
"Mar 31, 2025 @ 18:09:39.245","OTo27JUBGhOokez5-DnS","app-logs-2025.03.31","-","::ffff:172.18.0.1","::ffff:172.18.0.1",GET,GET,0,"/fail","/fail",server1,server1,500,"Mar 31, 2025 @ 18:09:39.245","axios/1.8.4","axios/1.8.4","⚠️ Server1 API Error: GET /fail","⚠️ Server1 API Error: GET /fail",error,error
"Mar 31, 2025 @ 18:09:39.041","Ojo27JUBGhOokez5-DnS","app-logs-2025.03.31","-","::ffff:172.18.0.1","::ffff:172.18.0.1",GET,GET,1,"/","/",server1,server1,200,"Mar 31, 2025 @ 18:09:39.041","axios/1.8.4","axios/1.8.4","✅ Server1 API Call: GET /","✅ Server1 API Call: GET /",info,info
"Mar 31, 2025 @ 18:09:38.825","Ozo27JUBGhOokez5-DnS","app-logs-2025.03.31","-","::ffff:172.18.0.1","::ffff:172.18.0.1",GET,GET,0,"/invalid-route","/invalid-route",server1,server1,404,"Mar 31, 2025 @ 18:09:38.825","axios/1.8.4","axios/1.8.4","⚠️ Server1 API Error: GET /invalid-route","⚠️ Server1 API Error: GET /invalid-route",error,error
"Mar 31, 2025 @ 18:09:38.606","PDo27JUBGhOokez5-DnS","app-logs-2025.03.31","-","::ffff:172.18.0.1","::ffff:172.18.0.1",GET,GET,0,"/","/",server1,server1,200,"Mar 31, 2025 @ 18:09:38.606","axios/1.8.4","axios/1.8.4","✅ Server1 API Call: GET /","✅ Server1 API Call: GET /",info,info
"Mar 31, 2025 @ 18:09:38.387",Kzo27JUBGhOokez58Dny,"app-logs-2025.03.31","-","::ffff:172.18.0.1","::ffff:172.18.0.1",GET,GET,0,"/fail","/fail",server1,server1,500,"Mar 31, 2025 @ 18:09:38.387","axios/1.8.4","axios/1.8.4","⚠️ Server1 API Error: GET /fail","⚠️ Server1 API Error: GET /fail",error,error
"Mar 31, 2025 @ 18:09:38.167",LDo27JUBGhOokez58Dny,"app-logs-2025.03.31","-","::ffff:172.18.0.1","::ffff:172.18.0.1",GET,GET,0,"/","/",server1,server1,200,"Mar 31, 2025 @ 18:09:38.167","axios/1.8.4","axios/1.8.4","✅ Server1 API Call: GET /","✅ Server1 API Call: GET /",info,info
"Mar 31, 2025 @ 18:09:37.949",LTo27JUBGhOokez58Dny,"app-logs-2025.03.31","-","::ffff:172.18.0.1","::ffff:172.18.0.1",GET,GET,1,"/","/",server1,server1,200,"Mar 31, 2025 @ 18:09:37.949","axios/1.8.4","axios/1.8.4","✅ Server1 API Call: GET /","✅ Server1 API Call: GET /",info,info
"Mar 31, 2025 @ 18:09:37.732",Ljo27JUBGhOokez58Dny,"app-logs-2025.03.31","-","::ffff:172.18.0.1","::ffff:172.18.0.1",GET,GET,1,"/","/",server1,server1,200,"Mar 31, 2025 @ 18:09:37.732","axios/1.8.4","axios/1.8.4","✅ Server1 API Call: GET /","✅ Server1 API Call: GET /",info,info
"Mar 31, 2025 @ 18:09:37.515",Lzo27JUBGhOokez58Dny,"app-logs-2025.03.31","-","::ffff:172.18.0.1","::ffff:172.18.0.1",GET,GET,1,"/","/",server1,server1,200,"Mar 31, 2025 @ 18:09:37.515","axios/1.8.4","axios/1.8.4","✅ Server1 API Call: GET /","✅ Server1 API Call: GET /",info,info
"Mar 31, 2025 @ 18:09:37.296",MDo27JUBGhOokez58Dny,"app-logs-2025.03.31","-","::ffff:172.18.0.1","::ffff:172.18.0.1",GET,GET,1,"/invalid-route","/invalid-route",server1,server1,404,"Mar 31, 2025 @ 18:09:37.296","axios/1.8.4","axios/1.8.4","⚠️ Server1 API Error: GET /invalid-route","⚠️ Server1 API Error: GET /invalid-route",error,error
"Mar 31, 2025 @ 18:09:37.078",MTo27JUBGhOokez58Dny,"app-logs-2025.03.31","-","::ffff:172.18.0.1","::ffff:172.18.0.1",GET,GET,1,"/","/",server1,server1,200,"Mar 31, 2025 @ 18:09:37.078","axios/1.8.4","axios/1.8.4","✅ Server1 API Call: GET /","✅ Server1 API Call: GET /",info,info
"Mar 31, 2025 @ 18:09:36.861",Mjo27JUBGhOokez58Dny,"app-logs-2025.03.31","-","::ffff:172.18.0.1","::ffff:172.18.0.1",GET,GET,1,"/invalid-route","/invalid-route",server1,server1,404,"Mar 31, 2025 @ 18:09:36.861","axios/1.8.4","axios/1.8.4","⚠️ Server1 API Error: GET /invalid-route","⚠️ Server1 API Error: GET /invalid-route",error,error
"Mar 31, 2025 @ 18:09:36.645",Mzo27JUBGhOokez58Dny,"app-logs-2025.03.31","-","::ffff:172.18.0.1","::ffff:172.18.0.1",GET,GET,1,"/","/",server1,server1,200,"Mar 31, 2025 @ 18:09:36.645","axios/1.8.4","axios/1.8.4","✅ Server1 API Call: GET /","✅ Server1 API Call: GET /",info,info
"Mar 31, 2025 @ 18:09:36.427",ITo27JUBGhOokez56TkI,"app-logs-2025.03.31","-","::ffff:172.18.0.1","::ffff:172.18.0.1",GET,GET,1,"/","/",server1,server1,200,"Mar 31, 2025 @ 18:09:36.427","axios/1.8.4","axios/1.8.4","✅ Server1 API Call: GET /","✅ Server1 API Call: GET /",info,info
"Mar 31, 2025 @ 18:09:36.207",Ijo27JUBGhOokez56TkI,"app-logs-2025.03.31","-","::ffff:172.18.0.1","::ffff:172.18.0.1",GET,GET,1,"/","/",server1,server1,200,"Mar 31, 2025 @ 18:09:36.207","axios/1.8.4","axios/1.8.4","✅ Server1 API Call: GET /","✅ Server1 API Call: GET /",info,info
"Mar 31, 2025 @ 18:09:35.990",Izo27JUBGhOokez56TkI,"app-logs-2025.03.31","-","::ffff:172.18.0.1","::ffff:172.18.0.1",GET,GET,1,"/","/",server1,server1,200,"Mar 31, 2025 @ 18:09:35.990","axios/1.8.4","axios/1.8.4","✅ Server1 API Call: GET /","✅ Server1 API Call: GET /",info,info
"Mar 31, 2025 @ 18:09:35.772",JDo27JUBGhOokez56TkI,"app-logs-2025.03.31","-","::ffff:172.18.0.1","::ffff:172.18.0.1",GET,GET,3,"/invalid-route","/invalid-route",server1,server1,404,"Mar 31, 2025 @ 18:09:35.772","axios/1.8.4","axios/1.8.4","⚠️ Server1 API Error: GET /invalid-route","⚠️ Server1 API Error: GET /invalid-route",error,error
"Mar 31, 2025 @ 18:09:35.552",JTo27JUBGhOokez56TkI,"app-logs-2025.03.31","-","::ffff:172.18.0.1","::ffff:172.18.0.1",GET,GET,1,"/","/",server1,server1,200,"Mar 31, 2025 @ 18:09:35.552","axios/1.8.4","axios/1.8.4","✅ Server1 API Call: GET /","✅ Server1 API Call: GET /",info,info
"Mar 31, 2025 @ 18:09:35.346",Jjo27JUBGhOokez56TkI,"app-logs-2025.03.31","-","::ffff:172.18.0.1","::ffff:172.18.0.1",GET,GET,0,"/","/",server1,server1,200,"Mar 31, 2025 @ 18:09:35.346","axios/1.8.4","axios/1.8.4","✅ Server1 API Call: GET /","✅ Server1 API Call: GET /",info,info
"Mar 31, 2025 @ 18:09:35.132",Jzo27JUBGhOokez56TkI,"app-logs-2025.03.31","-","::ffff:172.18.0.1","::ffff:172.18.0.1",GET,GET,2,"/invalid-route","/invalid-route",server1,server1,404,"Mar 31, 2025 @ 18:09:35.132","axios/1.8.4","axios/1.8.4","⚠️ Server1 API Error: GET /invalid-route","⚠️ Server1 API Error: GET /invalid-route",error,error
"Mar 31, 2025 @ 18:09:34.913",KDo27JUBGhOokez56TkI,"app-logs-2025.03.31","-","::ffff:172.18.0.1","::ffff:172.18.0.1",GET,GET,1,"/invalid-route","/invalid-route",server1,server1,404,"Mar 31, 2025 @ 18:09:34.913","axios/1.8.4","axios/1.8.4","⚠️ Server1 API Error: GET /invalid-route","⚠️ Server1 API Error: GET /invalid-route",error,error
"Mar 31, 2025 @ 18:09:34.696",KTo27JUBGhOokez56TkI,"app-logs-2025.03.31","-","::ffff:172.18.0.1","::ffff:172.18.0.1",GET,GET,0,"/","/",server1,server1,200,"Mar 31, 2025 @ 18:09:34.696","axios/1.8.4","axios/1.8.4","✅ Server1 API Call: GET /","✅ Server1 API Call: GET /",info,info
"Mar 31, 2025 @ 18:09:34.479",Kjo27JUBGhOokez56TkI,"app-logs-2025.03.31","-","::ffff:172.18.0.1","::ffff:172.18.0.1",GET,GET,1,"/","/",server1,server1,200,"Mar 31, 2025 @ 18:09:34.479","axios/1.8.4","axios/1.8.4","✅ Server1 API Call: GET /","✅ Server1 API Call: GET /",info,info
"Mar 31, 2025 @ 18:09:34.261",GDo27JUBGhOokez54Tkl,"app-logs-2025.03.31","-","::ffff:172.18.0.1","::ffff:172.18.0.1",GET,GET,1,"/","/",server1,server1,200,"Mar 31, 2025 @ 18:09:34.261","axios/1.8.4","axios/1.8.4","✅ Server1 API Call: GET /","✅ Server1 API Call: GET /",info,info
"Mar 31, 2025 @ 18:09:34.044",GTo27JUBGhOokez54Tkl,"app-logs-2025.03.31","-","::ffff:172.18.0.1","::ffff:172.18.0.1",GET,GET,1,"/","/",server1,server1,200,"Mar 31, 2025 @ 18:09:34.044","axios/1.8.4","axios/1.8.4","✅ Server1 API Call: GET /","✅ Server1 API Call: GET /",info,info
"Mar 31, 2025 @ 18:09:33.827",Gjo27JUBGhOokez54Tkl,"app-logs-2025.03.31","-","::ffff:172.18.0.1","::ffff:172.18.0.1",GET,GET,1,"/","/",server1,server1,200,"Mar 31, 2025 @ 18:09:33.827","axios/1.8.4","axios/1.8.4","✅ Server1 API Call: GET /","✅ Server1 API Call: GET /",info,info
"Mar 31, 2025 @ 18:09:33.609",Gzo27JUBGhOokez54Tkl,"app-logs-2025.03.31","-","::ffff:172.18.0.1","::ffff:172.18.0.1",GET,GET,0,"/","/",server1,server1,200,"Mar 31, 2025 @ 18:09:33.609","axios/1.8.4","axios/1.8.4","✅ Server1 API Call: GET /","✅ Server1 API Call: GET /",info,info
"Mar 31, 2025 @ 18:09:33.394",HDo27JUBGhOokez54Tkl,"app-logs-2025.03.31","-","::ffff:172.18.0.1","::ffff:172.18.0.1",GET,GET,4,"/","/",server1,server1,200,"Mar 31, 2025 @ 18:09:33.394","axios/1.8.4","axios/1.8.4","✅ Server1 API Call: GET /","✅ Server1 API Call: GET /",info,info
"Mar 31, 2025 @ 18:09:33.177",HTo27JUBGhOokez54Tkl,"app-logs-2025.03.31","-","::ffff:172.18.0.1","::ffff:172.18.0.1",GET,GET,2,"/fail","/fail",server1,server1,500,"Mar 31, 2025 @ 18:09:33.177","axios/1.8.4","axios/1.8.4","⚠️ Server1 API Error: GET /fail","⚠️ Server1 API Error: GET /fail",error,error
"Mar 31, 2025 @ 18:09:32.959",Hjo27JUBGhOokez54Tkl,"app-logs-2025.03.31","-","::ffff:172.18.0.1","::ffff:172.18.0.1",GET,GET,2,"/invalid-route","/invalid-route",server1,server1,404,"Mar 31, 2025 @ 18:09:32.959","axios/1.8.4","axios/1.8.4","⚠️ Server1 API Error: GET /invalid-route","⚠️ Server1 API Error: GET /invalid-route",error,error
"Mar 31, 2025 @ 18:09:32.740",Hzo27JUBGhOokez54Tkl,"app-logs-2025.03.31","-","::ffff:172.18.0.1","::ffff:172.18.0.1",GET,GET,1,"/invalid-route","/invalid-route",server1,server1,404,"Mar 31, 2025 @ 18:09:32.740","axios/1.8.4","axios/1.8.4","⚠️ Server1 API Error: GET /invalid-route","⚠️ Server1 API Error: GET /invalid-route",error,error
"Mar 31, 2025 @ 18:09:32.524",IDo27JUBGhOokez54Tkl,"app-logs-2025.03.31","-","::ffff:172.18.0.1","::ffff:172.18.0.1",GET,GET,1,"/invalid-route","/invalid-route",server1,server1,404,"Mar 31, 2025 @ 18:09:32.524","axios/1.8.4","axios/1.8.4","⚠️ Server1 API Error: GET /invalid-route","⚠️ Server1 API Error: GET /invalid-route",error,error
"Mar 31, 2025 @ 18:09:32.306",Dzo27JUBGhOokez52TlC,"app-logs-2025.03.31","-","::ffff:172.18.0.1","::ffff:172.18.0.1",GET,GET,1,"/invalid-route","/invalid-route",server1,server1,404,"Mar 31, 2025 @ 18:09:32.306","axios/1.8.4","axios/1.8.4","⚠️ Server1 API Error: GET /invalid-route","⚠️ Server1 API Error: GET /invalid-route",error,error
"Mar 31, 2025 @ 18:09:32.085",EDo27JUBGhOokez52TlC,"app-logs-2025.03.31","-","::ffff:172.18.0.1","::ffff:172.18.0.1",GET,GET,1,"/","/",server1,server1,200,"Mar 31, 2025 @ 18:09:32.085","axios/1.8.4","axios/1.8.4","✅ Server1 API Call: GET /","✅ Server1 API Call: GET /",info,info
"Mar 31, 2025 @ 18:09:31.870",ETo27JUBGhOokez52TlC,"app-logs-2025.03.31","-","::ffff:172.18.0.1","::ffff:172.18.0.1",GET,GET,3,"/","/",server1,server1,200,"Mar 31, 2025 @ 18:09:31.870","axios/1.8.4","axios/1.8.4","✅ Server1 API Call: GET /","✅ Server1 API Call: GET /",info,info
"Mar 31, 2025 @ 18:09:31.655",Ejo27JUBGhOokez52TlC,"app-logs-2025.03.31","-","::ffff:172.18.0.1","::ffff:172.18.0.1",GET,GET,2,"/","/",server1,server1,200,"Mar 31, 2025 @ 18:09:31.655","axios/1.8.4","axios/1.8.4","✅ Server1 API Call: GET /","✅ Server1 API Call: GET /",info,info
"Mar 31, 2025 @ 18:09:31.437",Ezo27JUBGhOokez52TlC,"app-logs-2025.03.31","-","::ffff:172.18.0.1","::ffff:172.18.0.1",GET,GET,1,"/","/",server1,server1,200,"Mar 31, 2025 @ 18:09:31.437","axios/1.8.4","axios/1.8.4","✅ Server1 API Call: GET /","✅ Server1 API Call: GET /",info,info
"Mar 31, 2025 @ 18:09:31.219",FDo27JUBGhOokez52TlC,"app-logs-2025.03.31","-","::ffff:172.18.0.1","::ffff:172.18.0.1",GET,GET,1,"/","/",server1,server1,200,"Mar 31, 2025 @ 18:09:31.219","axios/1.8.4","axios/1.8.4","✅ Server1 API Call: GET /","✅ Server1 API Call: GET /",info,info
"Mar 31, 2025 @ 18:09:31.003",FTo27JUBGhOokez52TlC,"app-logs-2025.03.31","-","::ffff:172.18.0.1","::ffff:172.18.0.1",GET,GET,2,"/invalid-route","/invalid-route",server1,server1,404,"Mar 31, 2025 @ 18:09:31.003","axios/1.8.4","axios/1.8.4","⚠️ Server1 API Error: GET /invalid-route","⚠️ Server1 API Error: GET /invalid-route",error,error
"Mar 31, 2025 @ 18:09:30.786",Fjo27JUBGhOokez52TlC,"app-logs-2025.03.31","-","::ffff:172.18.0.1","::ffff:172.18.0.1",GET,GET,1,"/","/",server1,server1,200,"Mar 31, 2025 @ 18:09:30.786","axios/1.8.4","axios/1.8.4","✅ Server1 API Call: GET /","✅ Server1 API Call: GET /",info,info
"Mar 31, 2025 @ 18:09:30.566",Fzo27JUBGhOokez52TlC,"app-logs-2025.03.31","-","::ffff:172.18.0.1","::ffff:172.18.0.1",GET,GET,1,"/","/",server1,server1,200,"Mar 31, 2025 @ 18:09:30.566","axios/1.8.4","axios/1.8.4","✅ Server1 API Call: GET /","✅ Server1 API Call: GET /",info,info
"Mar 31, 2025 @ 18:09:30.348",BTo27JUBGhOokez50Tlb,"app-logs-2025.03.31","-","::ffff:172.18.0.1","::ffff:172.18.0.1",GET,GET,1,"/","/",server1,server1,200,"Mar 31, 2025 @ 18:09:30.348","axios/1.8.4","axios/1.8.4","✅ Server1 API Call: GET /","✅ Server1 API Call: GET /",info,info
"Mar 31, 2025 @ 18:09:30.132",Bjo27JUBGhOokez50Tlb,"app-logs-2025.03.31","-","::ffff:172.18.0.1","::ffff:172.18.0.1",GET,GET,3,"/fail","/fail",server1,server1,500,"Mar 31, 2025 @ 18:09:30.132","axios/1.8.4","axios/1.8.4","⚠️ Server1 API Error: GET /fail","⚠️ Server1 API Error: GET /fail",error,error
"Mar 31, 2025 @ 18:09:29.912",Bzo27JUBGhOokez50Tlb,"app-logs-2025.03.31","-","::ffff:172.18.0.1","::ffff:172.18.0.1",GET,GET,1,"/invalid-route","/invalid-route",server1,server1,404,"Mar 31, 2025 @ 18:09:29.912","axios/1.8.4","axios/1.8.4","⚠️ Server1 API Error: GET /invalid-route","⚠️ Server1 API Error: GET /invalid-route",error,error
"Mar 31, 2025 @ 18:09:29.698",CDo27JUBGhOokez50Tlb,"app-logs-2025.03.31","-","::ffff:172.18.0.1","::ffff:172.18.0.1",GET,GET,2,"/invalid-route","/invalid-route",server1,server1,404,"Mar 31, 2025 @ 18:09:29.698","axios/1.8.4","axios/1.8.4","⚠️ Server1 API Error: GET /invalid-route","⚠️ Server1 API Error: GET /invalid-route",error,error
"Mar 31, 2025 @ 18:09:29.478",CTo27JUBGhOokez50Tlb,"app-logs-2025.03.31","-","::ffff:172.18.0.1","::ffff:172.18.0.1",GET,GET,1,"/","/",server1,server1,200,"Mar 31, 2025 @ 18:09:29.478","axios/1.8.4","axios/1.8.4","✅ Server1 API Call: GET /","✅ Server1 API Call: GET /",info,info
"Mar 31, 2025 @ 18:09:29.265",Cjo27JUBGhOokez50Tlb,"app-logs-2025.03.31","-","::ffff:172.18.0.1","::ffff:172.18.0.1",GET,GET,2,"/","/",server1,server1,200,"Mar 31, 2025 @ 18:09:29.265","axios/1.8.4","axios/1.8.4","✅ Server1 API Call: GET /","✅ Server1 API Call: GET /",info,info
"Mar 31, 2025 @ 18:09:29.051",Czo27JUBGhOokez50Tlb,"app-logs-2025.03.31","-","::ffff:172.18.0.1","::ffff:172.18.0.1",GET,GET,3,"/","/",server1,server1,200,"Mar 31, 2025 @ 18:09:29.051","axios/1.8.4","axios/1.8.4","✅ Server1 API Call: GET /","✅ Server1 API Call: GET /",info,info
"Mar 31, 2025 @ 18:09:28.830",DDo27JUBGhOokez50Tlb,"app-logs-2025.03.31","-","::ffff:172.18.0.1","::ffff:172.18.0.1",GET,GET,1,"/","/",server1,server1,200,"Mar 31, 2025 @ 18:09:28.830","axios/1.8.4","axios/1.8.4","✅ Server1 API Call: GET /","✅ Server1 API Call: GET /",info,info
"Mar 31, 2025 @ 18:09:28.614",DTo27JUBGhOokez50Tlb,"app-logs-2025.03.31","-","::ffff:172.18.0.1","::ffff:172.18.0.1",GET,GET,4,"/","/",server1,server1,200,"Mar 31, 2025 @ 18:09:28.614","axios/1.8.4","axios/1.8.4","✅ Server1 API Call: GET /","✅ Server1 API Call: GET /",info,info
"Mar 31, 2025 @ 18:09:28.394",Djo27JUBGhOokez50Tlb,"app-logs-2025.03.31","-","::ffff:172.18.0.1","::ffff:172.18.0.1",GET,GET,2,"/invalid-route","/invalid-route",server1,server1,404,"Mar 31, 2025 @ 18:09:28.394","axios/1.8.4","axios/1.8.4","⚠️ Server1 API Error: GET /invalid-route","⚠️ Server1 API Error: GET /invalid-route",error,error
"Mar 31, 2025 @ 18:09:28.176","_Do27JUBGhOokez5yThz","app-logs-2025.03.31","-","::ffff:172.18.0.1","::ffff:172.18.0.1",GET,GET,1,"/","/",server1,server1,200,"Mar 31, 2025 @ 18:09:28.176","axios/1.8.4","axios/1.8.4","✅ Server1 API Call: GET /","✅ Server1 API Call: GET /",info,info
"Mar 31, 2025 @ 18:09:27.956","_To27JUBGhOokez5yThz","app-logs-2025.03.31","-","::ffff:172.18.0.1","::ffff:172.18.0.1",GET,GET,1,"/","/",server1,server1,200,"Mar 31, 2025 @ 18:09:27.956","axios/1.8.4","axios/1.8.4","✅ Server1 API Call: GET /","✅ Server1 API Call: GET /",info,info
"Mar 31, 2025 @ 18:09:27.741","_jo27JUBGhOokez5yThz","app-logs-2025.03.31","-","::ffff:172.18.0.1","::ffff:172.18.0.1",GET,GET,1,"/","/",server1,server1,200,"Mar 31, 2025 @ 18:09:27.741","axios/1.8.4","axios/1.8.4","✅ Server1 API Call: GET /","✅ Server1 API Call: GET /",info,info
"Mar 31, 2025 @ 18:09:27.523","_zo27JUBGhOokez5yThz","app-logs-2025.03.31","-","::ffff:172.18.0.1","::ffff:172.18.0.1",GET,GET,2,"/invalid-route","/invalid-route",server1,server1,404,"Mar 31, 2025 @ 18:09:27.523","axios/1.8.4","axios/1.8.4","⚠️ Server1 API Error: GET /invalid-route","⚠️ Server1 API Error: GET /invalid-route",error,error
"Mar 31, 2025 @ 18:09:27.307",ADo27JUBGhOokez5yTlz,"app-logs-2025.03.31","-","::ffff:172.18.0.1","::ffff:172.18.0.1",GET,GET,1,"/invalid-route","/invalid-route",server1,server1,404,"Mar 31, 2025 @ 18:09:27.307","axios/1.8.4","axios/1.8.4","⚠️ Server1 API Error: GET /invalid-route","⚠️ Server1 API Error: GET /invalid-route",error,error
"Mar 31, 2025 @ 18:09:27.092",ATo27JUBGhOokez5yTlz,"app-logs-2025.03.31","-","::ffff:172.18.0.1","::ffff:172.18.0.1",GET,GET,3,"/","/",server1,server1,200,"Mar 31, 2025 @ 18:09:27.092","axios/1.8.4","axios/1.8.4","✅ Server1 API Call: GET /","✅ Server1 API Call: GET /",info,info
"Mar 31, 2025 @ 18:09:26.872",Ajo27JUBGhOokez5yTlz,"app-logs-2025.03.31","-","::ffff:172.18.0.1","::ffff:172.18.0.1",GET,GET,1,"/invalid-route","/invalid-route",server1,server1,404,"Mar 31, 2025 @ 18:09:26.872","axios/1.8.4","axios/1.8.4","⚠️ Server1 API Error: GET /invalid-route","⚠️ Server1 API Error: GET /invalid-route",error,error
"Mar 31, 2025 @ 18:09:26.652",Azo27JUBGhOokez5yTlz,"app-logs-2025.03.31","-","::ffff:172.18.0.1","::ffff:172.18.0.1",GET,GET,1,"/","/",server1,server1,200,"Mar 31, 2025 @ 18:09:26.652","axios/1.8.4","axios/1.8.4","✅ Server1 API Call: GET /","✅ Server1 API Call: GET /",info,info
"Mar 31, 2025 @ 18:09:26.435",BDo27JUBGhOokez5yTlz,"app-logs-2025.03.31","-","::ffff:172.18.0.1","::ffff:172.18.0.1",GET,GET,1,"/","/",server1,server1,200,"Mar 31, 2025 @ 18:09:26.435","axios/1.8.4","axios/1.8.4","✅ Server1 API Call: GET /","✅ Server1 API Call: GET /",info,info
"Mar 31, 2025 @ 18:09:26.217",8zo27JUBGhOokez5wTiA,"app-logs-2025.03.31","-","::ffff:172.18.0.1","::ffff:172.18.0.1",GET,GET,1,"/","/",server1,server1,200,"Mar 31, 2025 @ 18:09:26.217","axios/1.8.4","axios/1.8.4","✅ Server1 API Call: GET /","✅ Server1 API Call: GET /",info,info
"Mar 31, 2025 @ 18:09:26.001",9Do27JUBGhOokez5wTiB,"app-logs-2025.03.31","-","::ffff:172.18.0.1","::ffff:172.18.0.1",GET,GET,0,"/","/",server1,server1,200,"Mar 31, 2025 @ 18:09:26.001","axios/1.8.4","axios/1.8.4","✅ Server1 API Call: GET /","✅ Server1 API Call: GET /",info,info
"Mar 31, 2025 @ 18:09:25.785",9To27JUBGhOokez5wTiB,"app-logs-2025.03.31","-","::ffff:172.18.0.1","::ffff:172.18.0.1",GET,GET,1,"/fail","/fail",server1,server1,500,"Mar 31, 2025 @ 18:09:25.785","axios/1.8.4","axios/1.8.4","⚠️ Server1 API Error: GET /fail","⚠️ Server1 API Error: GET /fail",error,error
"Mar 31, 2025 @ 18:09:25.568",9jo27JUBGhOokez5wTiB,"app-logs-2025.03.31","-","::ffff:172.18.0.1","::ffff:172.18.0.1",GET,GET,1,"/","/",server1,server1,200,"Mar 31, 2025 @ 18:09:25.568","axios/1.8.4","axios/1.8.4","✅ Server1 API Call: GET /","✅ Server1 API Call: GET /",info,info
"Mar 31, 2025 @ 18:09:25.347",9zo27JUBGhOokez5wTiB,"app-logs-2025.03.31","-","::ffff:172.18.0.1","::ffff:172.18.0.1",GET,GET,2,"/","/",server1,server1,200,"Mar 31, 2025 @ 18:09:25.347","axios/1.8.4","axios/1.8.4","✅ Server1 API Call: GET /","✅ Server1 API Call: GET /",info,info
"Mar 31, 2025 @ 18:09:25.129","-Do27JUBGhOokez5wTiB","app-logs-2025.03.31","-","::ffff:172.18.0.1","::ffff:172.18.0.1",GET,GET,1,"/","/",server1,server1,200,"Mar 31, 2025 @ 18:09:25.129","axios/1.8.4","axios/1.8.4","✅ Server1 API Call: GET /","✅ Server1 API Call: GET /",info,info
"Mar 31, 2025 @ 18:09:24.915","-To27JUBGhOokez5wTiB","app-logs-2025.03.31","-","::ffff:172.18.0.1","::ffff:172.18.0.1",GET,GET,2,"/","/",server1,server1,200,"Mar 31, 2025 @ 18:09:24.915","axios/1.8.4","axios/1.8.4","✅ Server1 API Call: GET /","✅ Server1 API Call: GET /",info,info
"Mar 31, 2025 @ 18:09:24.694","-jo27JUBGhOokez5wTiB","app-logs-2025.03.31","-","::ffff:172.18.0.1","::ffff:172.18.0.1",GET,GET,1,"/","/",server1,server1,200,"Mar 31, 2025 @ 18:09:24.694","axios/1.8.4","axios/1.8.4","✅ Server1 API Call: GET /","✅ Server1 API Call: GET /",info,info
"Mar 31, 2025 @ 18:09:24.474","-zo27JUBGhOokez5wTiB","app-logs-2025.03.31","-","::ffff:172.18.0.1","::ffff:172.18.0.1",GET,GET,1,"/","/",server1,server1,200,"Mar 31, 2025 @ 18:09:24.474","axios/1.8.4","axios/1.8.4","✅ Server1 API Call: GET /","✅ Server1 API Call: GET /",info,info
"Mar 31, 2025 @ 18:09:24.257",6jo27JUBGhOokez5uTiV,"app-logs-2025.03.31","-","::ffff:172.18.0.1","::ffff:172.18.0.1",GET,GET,1,"/invalid-route","/invalid-route",server1,server1,404,"Mar 31, 2025 @ 18:09:24.257","axios/1.8.4","axios/1.8.4","⚠️ Server1 API Error: GET /invalid-route","⚠️ Server1 API Error: GET /invalid-route",error,error
"Mar 31, 2025 @ 18:09:24.043",6zo27JUBGhOokez5uTiV,"app-logs-2025.03.31","-","::ffff:172.18.0.1","::ffff:172.18.0.1",GET,GET,3,"/","/",server1,server1,200,"Mar 31, 2025 @ 18:09:24.043","axios/1.8.4","axios/1.8.4","✅ Server1 API Call: GET /","✅ Server1 API Call: GET /",info,info
"Mar 31, 2025 @ 18:09:23.826",7Do27JUBGhOokez5uTiV,"app-logs-2025.03.31","-","::ffff:172.18.0.1","::ffff:172.18.0.1",GET,GET,4,"/","/",server1,server1,200,"Mar 31, 2025 @ 18:09:23.826","axios/1.8.4","axios/1.8.4","✅ Server1 API Call: GET /","✅ Server1 API Call: GET /",info,info
"Mar 31, 2025 @ 18:09:23.607",7To27JUBGhOokez5uTiV,"app-logs-2025.03.31","-","::ffff:172.18.0.1","::ffff:172.18.0.1",GET,GET,2,"/","/",server1,server1,200,"Mar 31, 2025 @ 18:09:23.607","axios/1.8.4","axios/1.8.4","✅ Server1 API Call: GET /","✅ Server1 API Call: GET /",info,info
"Mar 31, 2025 @ 18:09:23.385",7jo27JUBGhOokez5uTiV,"app-logs-2025.03.31","-","::ffff:172.18.0.1","::ffff:172.18.0.1",GET,GET,1,"/","/",server1,server1,200,"Mar 31, 2025 @ 18:09:23.385","axios/1.8.4","axios/1.8.4","✅ Server1 API Call: GET /","✅ Server1 API Call: GET /",info,info
"Mar 31, 2025 @ 18:09:23.169",7zo27JUBGhOokez5uTiV,"app-logs-2025.03.31","-","::ffff:172.18.0.1","::ffff:172.18.0.1",GET,GET,2,"/fail","/fail",server1,server1,500,"Mar 31, 2025 @ 18:09:23.169","axios/1.8.4","axios/1.8.4","⚠️ Server1 API Error: GET /fail","⚠️ Server1 API Error: GET /fail",error,error
"Mar 31, 2025 @ 18:09:22.951",8Do27JUBGhOokez5uTiV,"app-logs-2025.03.31","-","::ffff:172.18.0.1","::ffff:172.18.0.1",GET,GET,3,"/","/",server1,server1,200,"Mar 31, 2025 @ 18:09:22.951","axios/1.8.4","axios/1.8.4","✅ Server1 API Call: GET /","✅ Server1 API Call: GET /",info,info
"Mar 31, 2025 @ 18:09:22.732",8To27JUBGhOokez5uTiV,"app-logs-2025.03.31","-","::ffff:172.18.0.1","::ffff:172.18.0.1",GET,GET,3,"/","/",server1,server1,200,"Mar 31, 2025 @ 18:09:22.732","axios/1.8.4","axios/1.8.4","✅ Server1 API Call: GET /","✅ Server1 API Call: GET /",info,info
"Mar 31, 2025 @ 18:09:22.514",8jo27JUBGhOokez5uTiV,"app-logs-2025.03.31","-","::ffff:172.18.0.1","::ffff:172.18.0.1",GET,GET,55,"/","/",server1,server1,200,"Mar 31, 2025 @ 18:09:22.514","axios/1.8.4","axios/1.8.4","✅ Server1 API Call: GET /","✅ Server1 API Call: GET /",info,info
"Mar 31, 2025 @ 18:09:22.244",3jo27JUBGhOokez5sTij,"app-logs-2025.03.31","-","::ffff:172.18.0.1","::ffff:172.18.0.1",GET,GET,3,"/","/",server1,server1,200,"Mar 31, 2025 @ 18:09:22.244","axios/1.8.4","axios/1.8.4","✅ Server1 API Call: GET /","✅ Server1 API Call: GET /",info,info
"Mar 31, 2025 @ 18:09:22.028",3zo27JUBGhOokez5sTij,"app-logs-2025.03.31","-","::ffff:172.18.0.1","::ffff:172.18.0.1",GET,GET,5,"/","/",server1,server1,200,"Mar 31, 2025 @ 18:09:22.028","axios/1.8.4","axios/1.8.4","✅ Server1 API Call: GET /","✅ Server1 API Call: GET /",info,info
"Mar 31, 2025 @ 18:09:21.804",4Do27JUBGhOokez5sTij,"app-logs-2025.03.31","-","::ffff:172.18.0.1","::ffff:172.18.0.1",GET,GET,1,"/","/",server1,server1,200,"Mar 31, 2025 @ 18:09:21.804","axios/1.8.4","axios/1.8.4","✅ Server1 API Call: GET /","✅ Server1 API Call: GET /",info,info
"Mar 31, 2025 @ 18:09:21.589",4To27JUBGhOokez5sTij,"app-logs-2025.03.31","-","::ffff:172.18.0.1","::ffff:172.18.0.1",GET,GET,3,"/invalid-route","/invalid-route",server1,server1,404,"Mar 31, 2025 @ 18:09:21.589","axios/1.8.4","axios/1.8.4","⚠️ Server1 API Error: GET /invalid-route","⚠️ Server1 API Error: GET /invalid-route",error,error
"Mar 31, 2025 @ 18:09:21.371",4jo27JUBGhOokez5sTij,"app-logs-2025.03.31","-","::ffff:172.18.0.1","::ffff:172.18.0.1",GET,GET,2,"/","/",server1,server1,200,"Mar 31, 2025 @ 18:09:21.371","axios/1.8.4","axios/1.8.4","✅ Server1 API Call: GET /","✅ Server1 API Call: GET /",info,info
"Mar 31, 2025 @ 18:09:21.153",4zo27JUBGhOokez5sTij,"app-logs-2025.03.31","-","::ffff:172.18.0.1","::ffff:172.18.0.1",GET,GET,4,"/","/",server1,server1,200,"Mar 31, 2025 @ 18:09:21.153","axios/1.8.4","axios/1.8.4","✅ Server1 API Call: GET /","✅ Server1 API Call: GET /",info,info
"Mar 31, 2025 @ 18:09:20.935",5Do27JUBGhOokez5sTij,"app-logs-2025.03.31","-","::ffff:172.18.0.1","::ffff:172.18.0.1",GET,GET,3,"/","/",server1,server1,200,"Mar 31, 2025 @ 18:09:20.935","axios/1.8.4","axios/1.8.4","✅ Server1 API Call: GET /","✅ Server1 API Call: GET /",info,info
"Mar 31, 2025 @ 18:09:20.713",5To27JUBGhOokez5sTij,"app-logs-2025.03.31","-","::ffff:172.18.0.1","::ffff:172.18.0.1",GET,GET,1,"/","/",server1,server1,200,"Mar 31, 2025 @ 18:09:20.713","axios/1.8.4","axios/1.8.4","✅ Server1 API Call: GET /","✅ Server1 API Call: GET /",info,info
"Mar 31, 2025 @ 18:09:20.497",5jo27JUBGhOokez5sTij,"app-logs-2025.03.31","-","::ffff:172.18.0.1","::ffff:172.18.0.1",GET,GET,2,"/","/",server1,server1,200,"Mar 31, 2025 @ 18:09:20.497","axios/1.8.4","axios/1.8.4","✅ Server1 API Call: GET /","✅ Server1 API Call: GET /",info,info
"Mar 31, 2025 @ 18:09:20.279",5zo27JUBGhOokez5sTij,"app-logs-2025.03.31","-","::ffff:172.18.0.1","::ffff:172.18.0.1",GET,GET,3,"/","/",server1,server1,200,"Mar 31, 2025 @ 18:09:20.279","axios/1.8.4","axios/1.8.4","✅ Server1 API Call: GET /","✅ Server1 API Call: GET /",info,info
"Mar 31, 2025 @ 18:09:20.053",6Do27JUBGhOokez5sTij,"app-logs-2025.03.31","-","::ffff:172.18.0.1","::ffff:172.18.0.1",GET,GET,57,"/fail","/fail",server1,server1,500,"Mar 31, 2025 @ 18:09:20.053","axios/1.8.4","axios/1.8.4","⚠️ Server1 API Error: GET /fail","⚠️ Server1 API Error: GET /fail",error,error
"Mar 31, 2025 @ 18:09:19.766",6To27JUBGhOokez5sTij,"app-logs-2025.03.31","-","::ffff:172.18.0.1","::ffff:172.18.0.1",GET,GET,119,"/invalid-route","/invalid-route",server1,server1,404,"Mar 31, 2025 @ 18:09:19.766","axios/1.8.4","axios/1.8.4","⚠️ Server1 API Error: GET /invalid-route","⚠️ Server1 API Error: GET /invalid-route",error,error
"Mar 31, 2025 @ 18:09:19.404",3To27JUBGhOokez5qTg2,"app-logs-2025.03.31","-","::ffff:172.18.0.1","::ffff:172.18.0.1",GET,GET,208,"/","/",server1,server1,200,"Mar 31, 2025 @ 18:09:19.404","axios/1.8.4","axios/1.8.4","✅ Server1 API Call: GET /","✅ Server1 API Call: GET /",info,info
